{"PRODUCTOS":[{"PRECIO":1.5,"ACTIVO":true,"ID MARCA":1,"ID":1,"CANTIDAD":50,"NOMBRE":"Pan"},{"PRECIO":1.5,"ACTIVO":false,"ID MARCA":1,"ID":2,"CANTIDAD":100,"NOMBRE":"Jamón"},{"PRECIO":0.89,"ACTIVO":true,"ID MARCA":2,"ID":3,"CANTIDAD":200,"NOMBRE":"Coca cola Light Zero"},{"PRECIO":0.79,"ACTIVO":true,"ID MARCA":2,"ID":4,"CANTIDAD":150,"NOMBRE":"Nestea"},{"PRECIO":0.85,"ACTIVO":true,"ID MARCA":2,"ID":5,"CANTIDAD":125,"NOMBRE":"Aquarius Naranja"},{"PRECIO":1000,"ACTIVO":true,"ID MARCA":1,"ID":6,"CANTIDAD":0,"NOMBRE":"Alfajor"}]}